Name,Ratings Count,Category
Andy Dick,623,featured
Lenny Dykstra,54,featured
Corey Feldman,165,featured
Alan Ritchson,25,featured
Curt Schilling,39,featured
Chris Sullivan,106,featured
Kevin O’Leary aka Mr. Wonderful,133,featured
Kathy Najimy,31,featured
Scott Patterson,59,featured
RiFF RAFF,591,featured
Jeremy Roenick,49,featured
Jim Brown,1,featured
Jonathan Goldsmith,77,featured
Jake Owen,66,featured
Nadia Comaneci,44,featured
Heidi Montag,90,featured
Seth Curry,4,featured
Melissa Joan Hart,95,featured
Manny Pacquiao,2,featured
Camille Kostek, ,featured
Billy Zane,6,featured
Pedro Martinez,2,featured
Alli Webb,1,featured
Maksim Chmerkovskiy,16,featured
Ceelo Green,17,featured
Dustin Diamond,10,featured
Nick Mullens,12,featured
Betsey Johnson,,featured
Gia Manek,1,featured
Siya Kolisi,5,featured
Danny Amendola,2,featured
Adrian Peterson,15,featured
Jerry Purpdrank,1,featured
Kelvin Fernandez,1,featured
Michael Ray,1,featured
Kim Richards,22,featured
Luenell,1,featured
Jerome Bettis,11,featured
Nazem Kadri,7,featured
Frank Zummo,1,featured
Blac Chyna,37,featured
Desiigner,10,featured
Tiffany Haddish,1,featured
Caitlyn Jenner,7,featured
Taryn Manning,34,featured
Barbara Corcoran,3,featured
Ryan Lochte,71,featured
Tony Gonzalez,,featured
Scotty Sire,14,featured
Shannon Beador,9,featured
Shawn Wayans,,featured
Jimmy Bullard,18,featured
The Hodgetwins,45,featured
Brad Marchand,28,featured
Dwight Howard,43,featured
“Foodgod” Jonathan Cheban,16,featured
DC Young Fly,1,featured
Tony Dorsett,4,featured
Corey Clement,140,featured
Holly Holm,24,featured
John Salley,85,featured
Jordan Poole,31,featured
Landon Collins,83,featured
Jeff Ross,17,featured
Juan Pablo Montoya,109,featured
Pat Connaughton,64,featured
Max Muncy,89,featured
Chuck Liddell,105,featured
Tom Higgenson,12,featured
Ashley and Jared,149,featured
Ivan Pudge Rodriguez,5,featured
Josh Flagg,95,featured
James Maslow,69,featured
Erin Andrews,12,featured
Macy Gray,13,featured
Roger Clemens,11,featured
Eddie George,37,featured
Jana Kramer,28,featured
Rook,11,featured
Lexi Brumback,5,featured
Ne-Yo,112,featured
Aaron Carter,27,featured
Terrell Davis,10,featured
Michael Essien,11,featured
Robert Herjavec,4,featured
Dave Foley,52,featured
Marlon Wayans,9,featured
Sebastian Bach,2,featured
Tracy Wolfson,11,featured
Luis Guzman,9,featured
Criss Angel,1,featured
Billy Baldwin,13,featured
Brooke Burke,19,featured
Jennifer Love Hewitt,160,featured
Lolo Jones,10,featured
Vladimir Furdik,77,featured
Lil TerRio,79,featured
Robert Griffin III,45,featured
Devin Bush,23,featured
Eric Roberts,24,featured
Roberto Duran,3,featured
Vardan Antonyan,211,featured
Grant Cardone,88,featured
HELVETICA,164,featured
George Hamilton,13,featured
Brian Urlacher,8,featured
Bonnie Wright,10,featured
Norm Macdonald,200,featured
Gavin Thomas,75,featured
Dominic Monaghan,83,featured
Mark Messier,52,featured
James Haskell,111,featured
Ramona Singer,256,featured
Scheana Shay,179,featured
Lil Xan,10,featured
Mark Duplass,18,featured
Jackie Bradley Jr,38,featured
